{
  "project_info": {
    "project_number": "456575023988",
    "project_id": "spoofdetector-e4496",
    "storage_bucket": "spoofdetector-e4496.appspot.com"
  },
  "client": [
    {
      "client_info": {
        "mobilesdk_app_id": "1:456575023988:android:ad955f856f209cd3a58a21",
        "android_client_info": {
          "package_name": "com.mycompany.spoofdetector"
        }
      },
      "oauth_client": [
        {
          "client_id": "456575023988-f3vo2g5tsdj8eipj5qd1m0kj6s4nkf2p.apps.googleusercontent.com",
          "client_type": 1,
          "android_info": {
            "package_name": "com.mycompany.spoofdetector",
            "certificate_hash": "9bbb3186b2189ef16d8f272bdab59362c395cbb4"
          }
        },
        {
          "client_id": "456575023988-plpdiavfi2s69ge8l90bcdu3nupq05gn.apps.googleusercontent.com",
          "client_type": 3
        }
      ],
      "api_key": [
        {
          "current_key": "AIzaSyCpRDHN5sar2Y-AemyGEFx_twg4P5xnbp0"
        }
      ],
      "services": {
        "appinvite_service": {
          "other_platform_oauth_client": [
            {
              "client_id": "456575023988-plpdiavfi2s69ge8l90bcdu3nupq05gn.apps.googleusercontent.com",
              "client_type": 3
            },
            {
              "client_id": "456575023988-k6kc6nkcondb60te6tssri7s9oldhs7m.apps.googleusercontent.com",
              "client_type": 2,
              "ios_info": {
                "bundle_id": "com.mycompany.spoofdetector"
              }
            }
          ]
        }
      }
    }
  ],
  "configuration_version": "1"
}